<?xml version="1.0"?>
<page type="popupInfoScreen" loadIn="popup">


	<popupHeader><![CDATA[<span id="mainText">Navigate</span><span id="subText"></span> ]]></popupHeader>
	<popupBody><![CDATA[ 	 	

		<div id="tableContainer">
			<table id="navigateTable">

				<tr>
					<td><div id="introTab"></div></td>
					<td>Intro: Select this tab to review the Introduction screen.</td>
				</tr>

				<tr>
					<td><div id="taskTab"></div></td>
					<td>Your Task: Select this tab to review your task in this simulation. </td>
				</tr>

				<tr>
					<td><div id="scenerioTab"></div></td>
					<td>Scenario: Select this tab to read the scenario.</td>
				</tr>

				<tr>
					<td><div id="decisionTab"></div></td>
					<td>Decision: Select this tab to move to the question screens.<br/>
						This will not be available till you have visited all previous tabs.</td>
				</tr>

				<tr>
					<td><div id="feedbackTab"></div></td>
					<td>Feedback: Select this tab to review your performance. This tab will not be available till you have answered all questions for a Round of simulation play.</td>
				</tr>


				<tr>
					<td></div><div id="proceedTab"></div></td>
					<td>
						How to Proceed: Select this button to know what to do in each question.
						</td>
				</tr>

				<tr>
					<td><div id="navigateTab"></td>
					<td>Navigate: Select this button to open the navigation help screen.</td>
				</tr>

				<tr>
					<td><div id="oerTab"></td>
					<td>OER: Select this button to open the list of Open Educational Resources.</td>
				</tr>

				<tr>
					<td><div id="screenBtnsTab"></td>
					<td>Screen buttons: Select each button to know more about the particular company or access helpful tools.</td>
				</tr>

				<tr>
					<td><div id="screenNumbersTab"></td>
					<td>Question Numbers: Select the number buttons to revisit questions you have already attempted. Remember, you cannot move to the next question before answering the previous question.</td>
				</tr>

				<tr>
					<td><div id="submitTab"></td>
					<td>Submit: Select the Submit button after you have made your selection. <br/>
						Remember that once you submit your decision, you cannot change it in this round. 
					</td>
				</tr>

				<tr>
					<td><div id="nextBackTab"></td>
					<td>Select these buttons to move back and next between related questions. </td>
				</tr>

				<tr>
					<td><div id="roundTab"></td>
					<td>Round: Select this tab to see the specific feedback for a Round of simulation play.</td>
				</tr>

				<tr>
					<td><div id="resourceTab"></td>
					<td>Resource links: Select a link to open the resource screen in a new window.<br/>
						Remember, in order to proceed in the module, you need to visit all resources suggested in the parameter feedback.<br/>
						Each module will have its own set of specific online resources pertinent to the simulation topic.
						</td>
				</tr>

				<tr>
					<td><div id="exitTab"></td>
					<td>Exit: Select this button to quit the simulation. Remember, if you quit in the middle of a cycle, you will lose your data. You will need to answer all questions again. If you quit on reaching the Feedback screen, your data will be saved.</td>
				</tr>

			</table>
		</div>
]]></popupBody>

<iText><![CDATA[Select Close to proceed.]]></iText>
	<closeButton id="page1"><![CDATA[Close]]></closeButton>

</page>