<?xml version="1.0"?>
<page type="decision" zone="menuButton3" feedbackPageId="feedback" startNumberFrom="5">


	<valueBtns>

		<button id="1" pageId="adams_supply" openIn="tab"><![CDATA[Adams Supply & Services]]></button>
		<button id="2" pageId="restaurant_supply" openIn="tab"><![CDATA[Restaurant Supplies Unlimited]]></button>
		<button id="3" class="smallValueButton" pageId="Restaurant_Supplies_Unlimited_Financial_Statements.xlsx" openIn="window"><![CDATA[Restaurant Supplies Unlimited Financials]]></button>	
		<button id="4" pageId="Valuation_Tool.xlsx" openIn="window"><![CDATA[Valuation Calculator]]></button>	
		<button id="5" class="smallValueButton" pageId="Adams_Supply_Financial_Statements.xlsx" openIn="window"><![CDATA[Adams Supply & Services Financials]]></button>
		<button id="6" pageId="Financial_Calculators.xlsx" openIn="window"><![CDATA[Financial Calculators]]></button>
		<button id="7" pageId="Loan_Calculators.xlsx" openIn="window"><![CDATA[Loan Calculator]]></button>
		<button id="8" class="smallValueButton1" pageId="rsad" openIn="tab"><![CDATA[Restaurant Supplies Accounting Department]]></button>

	</valueBtns>

	<navText pageId="navigatePopup"><![CDATA[Navigate]]></navText>
	<howToProceedText pageId="m1_c1_1a_popup"><![CDATA[How To Proceed]]></howToProceedText>
	<educationalText pageId="oer"><![CDATA[Resources]]></educationalText>

	<iText><![CDATA[Select Submit to proceed.]]></iText>
	<submitButton><![CDATA[Submit]]></submitButton>

	<questionPages>
		<questionPage> 
			<question valueBtnStr="8"><![CDATA[m1_c1_5]]></question>
		</questionPage>
		<questionPage > 
			<question valueBtnStr="5,3,7"><![CDATA[m1_c1_6]]></question>
		</questionPage>
		<questionPage> 
			<question valueBtnStr="5,3,7"><![CDATA[m1_c1_7a]]></question>
			<question valueBtnStr="5,3,6"><![CDATA[m1_c1_7b]]></question>
		</questionPage>	
		<questionPage> 
			<question valueBtnStr="5,3,6"><![CDATA[m1_c1_8a]]></question>
			<question valueBtnStr="5,3,6"><![CDATA[m1_c1_8b]]></question>
		</questionPage>		

	</questionPages>


</page>