<?xml version="1.0" standalone="no" ?>
<!--
IMS MANIFEST DOCUMENT
Created: 12 Aug 2016
Creator: Sachin Mane
Organisation: Tata Interactive Systems
Course Name: VCG 
Package Details: VCG WBT SCORM 2004 package
LMS: Not known
Tested on LMS: No
-->
<manifest identifier="vcg_wbt" version="1"
                  xmlns = "http://www.imsglobal.org/xsd/imscp_v1p1"
                  xmlns:adlcp = "http://www.adlnet.org/xsd/adlcp_v1p3"
                  xmlns:adlseq = "http://www.adlnet.org/xsd/adlseq_v1p3"
                  xmlns:adlnav = "http://www.adlnet.org/xsd/adlnav_v1p3"
                  xmlns:imsss = "http://www.imsglobal.org/xsd/imsss"
                  xmlns:xsi = "http://www.w3.org/2001/XMLSchema-instance"
                  xsi:schemaLocation = "http://www.imsglobal.org/xsd/imscp_v1p1 imscp_v1p1.xsd
                                       http://www.adlnet.org/xsd/adlcp_v1p3 adlcp_v1p3.xsd
                                       http://www.adlnet.org/xsd/adlseq_v1p3 adlseq_v1p3.xsd
                                       http://www.adlnet.org/xsd/adlnav_v1p3 adlnav_v1p3.xsd
                                       http://www.imsglobal.org/xsd/imsss imsss_v1p0.xsd" >
  <metadata>
    <schema>ADL SCORM</schema>
    <schemaversion>2004 3rd Edition</schemaversion>
  </metadata>
 <organizations default="vcg_wbt_default_org">
  
    <!-- When using shared data, be explicit about limiting the data to this course vs making it global to the system-->
    <organization identifier="vcg_wbt_default_org" adlseq:objectivesGlobalToSystem="false" adlcp:sharedDataGlobalToSystem="false">
      <title>Course/Game Name </title>

      <item identifier="simulation_item" identifierref="cp1_resource">
        <title>Course/Game Name</title>
      </item>      
    </organization>
  </organizations>
  <resources>
    <resource identifier="cp1_resource" type="webcontent" adlcp:scormType="sco" href="content/main.html">
		<file href="content/index.html"/>
    </resource>	
  </resources>
</manifest>
