<?xml version="1.0"?>
<page type="tabInfoScreenPopup" loadIn="tabContent">


	<header></header>
	<body></body>


	<tabs>
		<tab pageId="restauranttab3_person1"><![CDATA[]]></tab>
		<tab pageId="restauranttab3_person2"><![CDATA[]]></tab>
		<tab pageId="restauranttab3_person3"><![CDATA[]]></tab>
		<tab pageId="restauranttab3_person4"><![CDATA[]]></tab>
		<tab pageId="restauranttab3_person5"><![CDATA[]]></tab>
		<tab pageId="restauranttab3_person6"><![CDATA[]]></tab>
		<tab pageId="restauranttab3_person7"><![CDATA[]]></tab>

	</tabs>

</page>