<?xml version="1.0"?>
<page type="contentScreen" loadIn="tabContent #tabContent">


	<header></header>
	<body><![CDATA[<p><b>Rose Tyler</b><br/>HR</p>
		<p>Rose started working in the firm when the business was just beginning, but that role has now expanded to encompass the various HR issues that are part of a growing business with a varied and diverse workforce.<br/><br/>
Rose is not your typical HR professional; although grounded in the rules, she is focused on leadership development and change. She enjoys creating a safe and nurturing workplace that transforms the rules to facilitate innovation.</p>
		
				
		]]></body>
	
</page>