<?xml version="1.0"?>
<page type="tabInfoScreenPopup" loadIn="popup">



	<tabs>
		<tab pageId="adams_tab1"><![CDATA[Background and History]]></tab>
		<tab pageId="adams_tab2"><![CDATA[Current Situation Mission]]></tab>
		<tab pageId="adams_tab3"><![CDATA[Industry]]></tab>
		<tab pageId="adams_tab4"><![CDATA[Corporate Culture]]></tab>
		<tab pageId="adams_tab5"><![CDATA[Organizational Structure]]></tab>
		<tab pageId="adams_tab6"><![CDATA[Management Profiles]]></tab>
		<tab pageId="adams_tab7"><![CDATA[Staff Relations]]></tab>
		<tab pageId="adams_tab8"><![CDATA[Market Share]]></tab>
		<tab pageId="adams_tab9"><![CDATA[Customers]]></tab>
		<tab pageId="adams_tab10"><![CDATA[Products]]></tab>
		<tab pageId="adams_tab11"><![CDATA[Services]]></tab>
		<tab pageId="adams_tab12"><![CDATA[Demand and Growth]]></tab>
		<tab pageId="adams_tab13"><![CDATA[Stage of Product Life Cycle]]></tab>
	</tabs>


	<header><![CDATA[<span id="mainText">Adams </span><span id="subText">Supply & Services</span>]]></header>

	<body></body>
	

	<iText><![CDATA[Select Close to proceed.]]></iText>
	<closeButton id="page1"><![CDATA[Close]]></closeButton>


</page>