<?xml version="1.0"?>
<page type="popupInfoScreen" loadIn="popup">


	<popupHeader><![CDATA[Excell Services group delivers a broad spectrum strategic and process management solutions to address organizational challenges. The firm also helps their clients' sales and marketing operations in order to implement these solutions.


		<br/><br/>


	Excell Services has 12 years of experience in the industry and takes great pride in their rigorous research and analysis of business problems employing their business expertise and leadership to develop viable business solutions. The firm has built a reputation in the market and is now considered one of the top 5 consulting firms in the Northeast.]]></popupHeader>
	<popupBody><![CDATA[<span id="moreAbtTxt">More about&nbsp;</span><span id="excellTxt">Excell Services</span>]]></popupBody>
	

	<iText><![CDATA[Select Close to proceed.]]></iText>
	<closeButton><![CDATA[Close]]></closeButton>


</page>