<?xml version="1.0"?>
<page type="scenerioScreen" zone="menuButton2">


	<header><![CDATA[You joined offices of Adam Supply & Services a few weeks ago. The Management team has asked you to look into the feasibility of acquiring a competitor company.

		<br/><br/>


	You want to start by first assessing the financial and accounting data of Restaurant Supplies Unlimited.]]></header>
	<body><![CDATA[<span id="scenerio">Scenario</span>]]></body>
	

	<iText><![CDATA[Select Continue to proceed.]]></iText>
	<nextButton pageId="decision_cycle1"><![CDATA[Continue]]></nextButton>


</page>