<?xml version="1.0"?>
<page type="popupInfoScreen" loadIn="popup">


	<popupHeader><![CDATA[<span id="howTo">Educational&nbsp;Resources</span><span id="proceed"></span>]]></popupHeader>
	<popupBody><![CDATA[


		<table id="oerTableHeader">

			<tr>
				<th>Parameter</th>
				<th>Title</th>
			</tr>


		</table>

		<div id="oerTableDiv">

		<table id="oerTable">
			<tr class="tableRow">
				<td>Analysis of Financial Statements</td>
				<td><a target="_blank" href="http://www.bizfilings.com/toolkit/sbg/startup/planning/planning-financial-statements.aspx">Planning Financial Statements and Projections Data </td>
			</tr>
			<tr class="tableRow">
				<td>Analysis of Financial Statements</td>
				<td><a target="_blank" href="http://www.bbt.com/bbtdotcom/business/small-business-resource-center/growing-a-business/financial-ratios.page">Analyzing Your Financial Ratios</td>
			</tr>
			<tr class="tableRow">
				<td>Analysis of Financial Statements</td>
				<td><a target="_blank" href="http://www.jsu.edu/ccba/fea/docs/financial_stament_review.pdf">Financial Statements Tutorial</td>
			</tr>
			<tr class="tableRow">
				<td>Basic Accounting Concepts</td>
				<td><a target="_blank" href="http://www.accountingcoach.com/">Accounting Coach</td>
			</tr>
			<tr class="tableRow">
				<td>Basic Accounting Concepts</td>
				<td><a target="_blank" href="http://www.accounting-basics-for-students.com/">Accounting Basics for Students</td>
			</tr>
			<tr class="tableRow">
				<td>Analysis of Financial Statements</td>
				<td><a target="_blank" href="https://www.youtube.com/watch?v=RodmSJqlxEE">YouTube: Cash Flow Statements</td>
			</tr>
			<tr class="tableRow">
				<td>Analysis of Financial Statements</td>
				<td><a target="_blank" href="https://www.youtube.com/watch?v=ZrSwmVUelDY">YouTube: The Basics of Cash Flow Analysis</td>
			</tr>
			<tr class="tableRow">
				<td>Basic Accounting Concepts</td>
				<td><a target="_blank" href="https://www.khanacademy.org/economics-finance-domain/core-finance/accounting-and-financial-stateme">Khan Academy: Accounting and Financial Statements</td>
			</tr>
			<tr class="tableRow">
				<td>Analysis of Financial Statements</td>
				<td><a target="_blank" href="https://www.baruch.cuny.edu/tutorials/statements/">Guide to Financial Statements</td>
			</tr>
			<tr class="tableRow">
				<td>Basic Principles of Finance</td>
				<td><a target="_blank" href="https://breakingintowallstreet.com/biws/demonstration-portal-files/Financial-Modeling-Fundamental2/BIWS-Merger-Model-Quick-Reference.pdf">Merger Model Overview</td>
			</tr>
			<tr class="tableRow">
				<td>Basic Principles of Finance</td>
				<td><a target="_blank" href="http://www.myaccountingcourse.com/financial-ratios/gross-margin-ratio">Gross Margin Ratio</td>
			</tr>
			<tr class="tableRow">
				<td>Basic Principles of Finance</td>
				<td><a target="_blank" href="https://www.youtube.com/watch?v=46oLXwClvkw">YouTube: Weighted Average Cost of Capital (WACC)</td>
			</tr>
			<tr class="tableRow">
				<td>Basic Principles of Finance</td>
				<td><a target="_blank" href="https://www.khanacademy.org/economics-finance-domain/core-finance/stock-and-bonds">Khan Academy: Stock and Bonds</td>
			</tr>
			<tr class="tableRow">
				<td>Market Opportunities</td>
				<td><a target="_blank" href="http://mdcegypt.com/pages/purchasing/material%20management/Forecasting.asp">Forecasting</td>
			</tr>
			<tr class="tableRow">
				<td>Market Opportunities</td>
				<td><a target="_blank" href="http://www.marketingteacher.com/swot-analysis/">SWOT Analysis</td>
			</tr>
			<tr class="tableRow">
				<td>Market Opportunities</td>
				<td><a target="_blank" href="http://onstrategyhq.com/resources/video-how-to-perform-a-swot-analysis-a-whiteboard-video/">How to Perform a SWOT Analysis</td>
			</tr>
			<tr class="tableRow">
				<td>Marketing Mix Concepts</td>
				<td><a target="_blank" href="http://study.com/academy/lesson/the-marketing-mix-product-place-price-promotion.html">The Marketing Mix: Product, Place, Price & Promotion </td>
			</tr>
			<tr class="tableRow">
				<td>Competitive Landscape</td>
				<td><a target="_blank" href="http://study.com/academy/lesson/types-of-competitive-advantage-cost-product-niche-sustainable-advantages.html">Competitive Advantage: The Importance of Strategic Marketing</td>
			</tr>
			<tr class="tableRow">
				<td>Marketing Mix Concepts</td>
				<td><a target="_blank" href="https://www.youtube.com/watch?v=JKIAOZZritk">YouTube: What is Branding? </td>
			</tr>
			<tr class="tableRow">
				<td>Operational Assessment</td>
				<td><a target="_blank" href="http://www.tutorialspoint.com/management_concepts/organizational_structures.htm">Organizational Structures</td>
			</tr>
			<tr class="tableRow">
				<td>Operational Assessment</td>
				<td><a target="_blank" href="http://study.com/academy/topic/organizational-design-structure.html">Organizational Structure and Design</td>
			</tr>
			<tr class="tableRow">
				<td>Management and Leadership Concepts</td>
				<td><a target="_blank" href="http://www.horizonmg.com/uploads/downloads/20_7%20Key%20Steps%20to%20Mgt%20Skills%20Audit%20V3_0.pdf">Key Steps to a Management Skills Audit</td>
			</tr>
			<tr class="tableRow">
				<td>Management and Leadership Concepts</td>
				<td><a target="_blank" href="https://www.legacee.com/types-of-leadership-styles/">Type of Leadership Styles</td>
			</tr>
			<tr class="tableRow">
				<td>Management and Leadership Concepts</td>
				<td><a target="_blank" href="http://www.shrm.org/templatestools/hrqa/pages/whatfactorsshoulddeterminehowmanydirectreportsamanagerhas.aspx">Span of Control: What factors should determine how many direct reports a manager has?</td>
			</tr>
			<tr class="tableRow">
				<td>Ethical Decision-Making</td>
				<td><a target="_blank" href="http://geerthofstede.nl/dimensions-of-national-cultures">Dimensions of National Cultures</td>
			</tr>
			<tr class="tableRow">
				<td>Ethical Decision-Making</td>
				<td><a target="_blank" href="http://www.globalethics.org/What-We-Do/Approach.aspx">Institute for Global Ethics: Why Ethics Matter</td>
			</tr>
			<tr class="tableRow">
				<td>Strategic Alignment</td>
				<td><a target="_blank" href="http://www.learnerstv.com/video/Free-video-Lecture-4594-Management.htm">The Five Competitive Forces That Shape Strategy Video Lecture</td>
			</tr>
			<tr class="tableRow">
				<td>Strategic Alignment</td>
				<td><a target="_blank" href="https://www.youtube.com/watch?v=7EqXqUDL47c">YouTube: The McKinsey 7S Framework: Learn How to Align all Parts of Your Organization's Strategy </td>
			</tr>
			<tr class="tableRow">
				<td>Strategic Alignment</td>
				<td><a target="_blank" href="https://www.youtube.com/watch?v=llKFeqZvZis">YouTube: Strategic Management: 15 Grand Strategies</td>
			</tr>
			<tr class="tableRow">
				<td>Strategic Alignment</td>
				<td><a target="_blank" href="https://www.youtube.com/watch?v=dswljdE9B8Y ">YouTube: Strategic Management Models: PESTLE, Porter Five Forces, SWOT & Competitive Advantage</td>
			</tr>
			<tr class="tableRow">
				<td>Organizational Assessment</td>
				<td><a target="_blank" href="http://www.strategicmanagementinsight.com/tools/vrio.html">VRIO Framework</td>
			</tr>
			<tr class="tableRow">
				<td>Organizational Assessment</td>
				<td><a target="_blank" href="https://www.youtube.com/watch?v=OaJFJ4vxt2M">YouTube: Value Chain Analysis Explained</td>
			</tr>
			<tr class="tableRow">
				<td>Organizational Assessment</td>
				<td><a target="_blank" href="https://www.youtube.com/watch?v=4V5uRvtdf3s">YouTube: Charles Snow: The Miles-Snow Framework</td>
			</tr>
			<tr class="tableRow">
				<td>Environmental Analysis</td>
				<td><a target="_blank" href="http://smallbusiness.chron.com/implications-environmental-analysis-strategic-plan-35303.html">Environmental Analysis and Strategy</td>
			</tr>
			<tr class="tableRow">
				<td>Stakeholder Analysis</td>
				<td><a target="_blank" href="https://www.youtube.com/watch?v=fbUM12IiGms">Stakeholder Analysis</td>
			</tr>
			<tr class="tableRow">
				<td>Ethical Decision-Making</td>
				<td>[see Management and Operations]</td>
			</tr>
		</table>

	</div>

				]]></popupBody>
	

	<iText><![CDATA[Select Continue to proceed.]]></iText>
	<closeButton><![CDATA[Continue]]></closeButton>


</page>