<?xml version="1.0"?>
<page type="contentScreen" loadIn="tabContent">


	<header></header>
	<body></body>

	<components>
		<text id="john" class="labels">
			<![CDATA[<span><b>Tanya Parson<br/>Andy Parson</b></span><br/>CO-CEOs]]>
		</text>
		<text id="exoctic" class="labels">
			<![CDATA[Purchasing]]>
		</text>
		<text id="natural" class="labels">
			<![CDATA[Sales &<br/>Marketing]]>
		</text>
		<text id="free" class="labels">
			<![CDATA[Finance]]>
		</text>
		<text id="cheese" class="labels">
			<![CDATA[Logistics &<br/>Warehousing]]>
		</text>
		<text id="sauces" class="labels">
			<![CDATA[HR]]>
		</text>
		<bg id="infoGraphic" class="labels">
			
		</bg>

	</components>



</page>