<?xml version="1.0"?>
<page type="popupInfoScreen" loadIn="popup">


	<popupHeader><![CDATA[<span id="howTo">Educational&nbsp;Resources</span><span id="proceed"></span>]]></popupHeader>
	<popupBody><![CDATA[


		<table id="oerTableHeader">

			<tr>
				<th>Parameter</th>
				<th>Title</th>
			</tr>


		</table>

		<div id="oerTableDiv">

		<table id="oerTable">
			<tr class="tableRow">
				<td>Analysis of Financial Statements</td>
				<td><a target="_blank" href="http://www.bizfilings.com/toolkit/sbg/startup/planning/planning-financial-statements.aspx">Planning Financial Statements and Projections Data </td>
			</tr>
			<tr class="tableRow">
				<td>Analysis of Financial Statements</td>
				<td><a target="_blank" href="http://www.bbt.com/bbtdotcom/business/small-business-resource-center/growing-a-business/financial-ratios.page">Analyzing Your Financial Ratios</td>
			</tr>
			<tr class="tableRow">
				<td>Analysis of Financial Statements</td>
				<td><a target="_blank" href="http://www.jsu.edu/ccba/fea/docs/financial_stament_review.pdf">Financial Statements Tutorial</td>
			</tr>
			<tr class="tableRow">
				<td>Basic Accounting Concepts</td>
				<td><a target="_blank" href="http://www.accountingcoach.com/">Accounting Coach</td>
			</tr>
			<tr class="tableRow">
				<td>Basic Accounting Concepts</td>
				<td><a target="_blank" href="http://www.accounting-basics-for-students.com/">Accounting Basics for Students</td>
			</tr>
			<tr class="tableRow">
				<td>Analysis of Financial Statements</td>
				<td><a target="_blank" href="https://www.youtube.com/watch?v=RodmSJqlxEE">YouTube: Cash Flow Statements</td>
			</tr>
			<tr class="tableRow">
				<td>Analysis of Financial Statements</td>
				<td><a target="_blank" href="https://www.youtube.com/watch?v=ZrSwmVUelDY">YouTube: The Basics of Cash Flow Analysis</td>
			</tr>
			<tr class="tableRow">
				<td>Basic Accounting Concepts</td>
				<td><a target="_blank" href="https://www.khanacademy.org/economics-finance-domain/core-finance/accounting-and-financial-stateme">Khan Academy: Accounting and Financial Statements</td>
			</tr>
			<tr class="tableRow">
				<td>Analysis of Financial Statements</td>
				<td><a target="_blank" href="https://www.baruch.cuny.edu/tutorials/statements/">Guide to Financial Statements</td>
			</tr>
			<tr class="tableRow">
				<td>Basic Principles of Finance</td>
				<td><a target="_blank" href="https://breakingintowallstreet.com/biws/demonstration-portal-files/Financial-Modeling-Fundamental2/BIWS-Merger-Model-Quick-Reference.pdf">Merger Model Overview</td>
			</tr>
			<tr class="tableRow">
				<td>Basic Principles of Finance</td>
				<td><a target="_blank" href="http://www.myaccountingcourse.com/financial-ratios/gross-margin-ratio">Gross Margin Ratio</td>
			</tr>
			<tr class="tableRow">
				<td>Basic Principles of Finance</td>
				<td><a target="_blank" href="https://www.youtube.com/watch?v=46oLXwClvkw">YouTube: Weighted Average Cost of Capital (WACC)</td>
			</tr>
			<tr class="tableRow">
				<td>Basic Principles of Finance</td>
				<td><a target="_blank" href="https://www.khanacademy.org/economics-finance-domain/core-finance/stock-and-bonds">Khan Academy: Stock and Bonds</td>
			</tr>
		</table>

	</div>

				]]></popupBody>
	

	<iText><![CDATA[Select Continue to proceed.]]></iText>
	<closeButton><![CDATA[Continue]]></closeButton>


</page>