<?xml version="1.0"?>
<page type="contentScreen" loadIn="tabContent #tabContent">


	<header></header>
	<body><![CDATA[<p><b>Alain Bryan</b><br/>Operations Manager, Strategy and Finance</p>
	<p>Alain provides the operational management skills that John lacks, but he's also involved in the strategy side of things and his financial background allows him to oversee the finance and accounting functions.</p>
	
	<p>Alain is very guarded and structured. He thrives in a structured environment where he can plan and analyze information. He enjoys being behind the scenes and does not need to be recognized for his efforts.</p>]]></body>
	


</page>