<?xml version="1.0"?>
<page type="contentScreen" loadIn="tabContent #tabContent">


	<header></header>
	<body><![CDATA[<p><b>Ahad Khan</b><br/>Warehouse Manager, Operations, Logistics</p>
		<p>With a background running distribution centers for UPS, Ahad  brings years of experience running teams in warehousing, logistics, and distribution.</p>
		
		<p>Ahad is well-prepared and has an innate ability to multi-task.  He exudes self-confidence and a need for stability; yet, is open to new experiences.</p>
		
				
		]]></body>
	
</page>