<?xml version="1.0"?>
<page type="contentScreen" loadIn="tabContent">


	<header></header>
	<body><![CDATA[<p><b>Products</b>
<ul>
<li>Cooking and Holding Equipment: Ovens, Ranges, Steamers, Combis, Microwaves</li>
<li>Refrigeration: Walk-ins, Reach-ins, Prep Units, Display units, Ice Machines, Quick Chills</li>
<li>Storage Solutions: Shelving, Racks, Carts, Bins	</li>
<li>Tabletop: China, Glassware, Flatware, Candles, and other Tabletop Products</li>
<li>Preparation Tools and Equipment: Blenders, Mixers, Slicers, Knives</li>
<li>Cleaning and Janitorial Supplies: Dishwashers, Sinks, Garbage pails, Mops, Buckets, Carts, Chemicals</li>
</ul>


 </p>]]></body>

</page>