<?xml version="1.0"?>
<page type="contentScreen" loadIn="tabContent #tabContent">


	<header></header>
	<body><![CDATA[<p><b>Betsy Smith</b><br/>(Joint CEO) Managing Director, Sales and Marketing, Strategy</p>
		<p>John and Betsy are both excellent communicators. Their shared vision is communicated through words and actions. John embraces the strengths of others and challenges his team to think out of the box.<br/><br/>
		
		Betsy, similarly, has a strong "pulse" on the business performance. She acknowledges hard work and efforts; no matter the result.</p>]]></body>
	
</page>