<?xml version="1.0"?>
<page type="tabInfoScreenPopup" loadIn="popup">



	<tabs>
		<tab pageId="restaurant_tab1"><![CDATA[Restaurant Supplies Unlimited]]></tab>
		<tab pageId="restaurant_tab2"><![CDATA[Organizational Structure]]></tab>
		<tab pageId="restaurant_tab3"><![CDATA[Management Profiles]]></tab>
	</tabs>


	<header><![CDATA[<span id="mainText">Restaurant </span><span id="subText">Supplies Unlimited</span>]]></header>

	<body></body>
	

	<iText><![CDATA[Select Close to proceed.]]></iText>
	<closeButton id="page1"><![CDATA[Close]]></closeButton>


</page>